n,mean_rms_tre_mm,std_rms_tre_mm,median_rms_tre_mm,q95_rms_tre_mm,mean_ci_low_mm,mean_ci_high_mm,success_rate_20mm,condition,method,source_file
6315,4.43969335564525,3.0117897293906633,3.774319887161255,10.046382045745846,4.366181406293799,4.514852511714303,0.9987331749802059,"In-silico, no added noise",GeoTransformer,/home/yangx/code/new_deform/RTORv6/output/geotransformer.p2p_liver.ablation.scratch_v2.geotransformer.seed7351/evaluation_epoch150/in_silico_noise_none.json
6315,4.471789853646467,2.9107399923532875,3.8286850452423096,10.150917625427232,4.401063015814797,4.543936784719415,0.9987331749802059,"In-silico, no added noise",RTOR,/home/yangx/code/new_deform/RTORv6/output/geotransformer.p2p_liver.ablation.scratch_v2.rtor_only.seed7351/evaluation_epoch150/in_silico_noise_none.json
6315,4.407216426029342,2.9706839906532814,3.771188497543335,10.071620655059814,4.335877720148598,4.480452766605223,0.9985748218527316,"In-silico, no added noise",A3,/home/yangx/code/new_deform/RTORv6/output/geotransformer.p2p_liver.ablation.scratch_v2.a3_only.seed7351/evaluation_epoch150/in_silico_noise_none.json
6315,4.457992137422282,3.154467524246041,3.82301926612854,10.182289028167716,4.382539788205545,4.538792178624694,0.9985748218527316,"In-silico, no added noise",RTOR+A3,/home/yangx/code/new_deform/RTORv6/output/geotransformer.p2p_liver.ablation.scratch_v2.rtor_a3.seed7351/evaluation_epoch150/in_silico_noise_none.json
6315,4.427963863052457,2.907140777106544,3.801539421081543,10.075518798828114,4.356877721133845,4.500111462023531,0.9987331749802059,"In-silico, no added noise",RTOR+A3 (cooperative),output/geotransformer.p2p_liver.rtor_a3_cooperative_v1_epoch150/in_silico_noise_none.json
6315,4.489809938191613,3.563175541717746,3.807385206222534,10.145904922485348,4.404592461238659,4.579581114805038,0.9979414093428345,"In-silico, 2 mm noise",GeoTransformer,/home/yangx/code/new_deform/RTORv6/output/geotransformer.p2p_liver.ablation.scratch_v2.geotransformer.seed7351/evaluation_epoch150/in_silico_noise_2.json
6315,4.501712073679491,3.175457873678746,3.8371639251708984,10.205311584472652,4.4251423696134164,4.581699003180575,0.9984164687252574,"In-silico, 2 mm noise",RTOR,/home/yangx/code/new_deform/RTORv6/output/geotransformer.p2p_liver.ablation.scratch_v2.rtor_only.seed7351/evaluation_epoch150/in_silico_noise_2.json
6315,4.45084537646644,3.069935429587995,3.7945711612701416,10.10117139816282,4.3773072853706845,4.527911651381309,0.9980997624703087,"In-silico, 2 mm noise",A3,/home/yangx/code/new_deform/RTORv6/output/geotransformer.p2p_liver.ablation.scratch_v2.a3_only.seed7351/evaluation_epoch150/in_silico_noise_2.json
6315,4.506746717095847,3.3573725763797713,3.8302552700042725,10.14148626327513,4.427205939199702,4.5934425671511905,0.9987331749802059,"In-silico, 2 mm noise",RTOR+A3,/home/yangx/code/new_deform/RTORv6/output/geotransformer.p2p_liver.ablation.scratch_v2.rtor_a3.seed7351/evaluation_epoch150/in_silico_noise_2.json
6315,4.466598619559599,2.92655547176587,3.834479331970215,10.099925994873043,4.394925266143263,4.539889575579245,0.9990498812351544,"In-silico, 2 mm noise",RTOR+A3 (cooperative),output/geotransformer.p2p_liver.rtor_a3_cooperative_v1_epoch150/in_silico_noise_2.json
6315,4.738181227091656,4.1144668468576935,3.9806151390075684,10.404824066162107,4.6413713501977805,4.842836671897276,0.9963578780680918,"In-silico, 4 mm noise",GeoTransformer,/home/yangx/code/new_deform/RTORv6/output/geotransformer.p2p_liver.ablation.scratch_v2.geotransformer.seed7351/evaluation_epoch150/in_silico_noise_4.json
6315,4.726513292972568,3.6831834964451,4.024263381958008,10.401953697204585,4.6383374000737705,4.819714948483526,0.9971496437054632,"In-silico, 4 mm noise",RTOR,/home/yangx/code/new_deform/RTORv6/output/geotransformer.p2p_liver.ablation.scratch_v2.rtor_only.seed7351/evaluation_epoch150/in_silico_noise_4.json
6315,4.69786120589442,3.730475075661031,3.9668684005737305,10.42628803253173,4.609100522642936,4.791312643608118,0.9971496437054632,"In-silico, 4 mm noise",A3,/home/yangx/code/new_deform/RTORv6/output/geotransformer.p2p_liver.ablation.scratch_v2.a3_only.seed7351/evaluation_epoch150/in_silico_noise_4.json
6315,4.7315803464687916,3.7297912671214135,4.030971050262451,10.428621196746825,4.642931967378135,4.826229889049524,0.9973079968329375,"In-silico, 4 mm noise",RTOR+A3,/home/yangx/code/new_deform/RTORv6/output/geotransformer.p2p_liver.ablation.scratch_v2.rtor_a3.seed7351/evaluation_epoch150/in_silico_noise_4.json
6315,4.731610370612012,4.1580095552169025,4.027569770812988,10.427600002288814,4.632805262122448,4.837156241179362,0.9973079968329375,"In-silico, 4 mm noise",RTOR+A3 (cooperative),output/geotransformer.p2p_liver.rtor_a3_cooperative_v1_epoch150/in_silico_noise_4.json
800,5.25250945225358,4.714393732672521,4.833649396896362,10.130182600021362,4.962205371972173,5.609876108381897,0.99625,In-vitro phantom,GeoTransformer,/home/yangx/code/new_deform/RTORv6/output/geotransformer.p2p_liver.ablation.scratch_v2.geotransformer.seed7351/evaluation_epoch150/in_vitro_noise_none.json
800,4.939029608368873,2.5972709976075055,4.90681529045105,9.17270336151123,4.763040405884386,5.121348599500955,1.0,In-vitro phantom,RTOR,/home/yangx/code/new_deform/RTORv6/output/geotransformer.p2p_liver.ablation.scratch_v2.rtor_only.seed7351/evaluation_epoch150/in_vitro_noise_none.json
800,5.252743359804153,4.552666881152636,4.866256952285767,10.028871440887444,4.9717260633483535,5.59921857579425,0.995,In-vitro phantom,A3,/home/yangx/code/new_deform/RTORv6/output/geotransformer.p2p_liver.ablation.scratch_v2.a3_only.seed7351/evaluation_epoch150/in_vitro_noise_none.json
800,5.034208385944367,3.536280659178704,4.926982641220093,9.303689908981323,4.811092567335814,5.29462241667509,0.99875,In-vitro phantom,RTOR+A3,/home/yangx/code/new_deform/RTORv6/output/geotransformer.p2p_liver.ablation.scratch_v2.rtor_a3.seed7351/evaluation_epoch150/in_vitro_noise_none.json
800,4.972131354063749,2.635381408457241,4.940144777297974,8.971350193023682,4.795593500610441,5.160289487555623,0.99875,In-vitro phantom,RTOR+A3 (cooperative),output/geotransformer.p2p_liver.rtor_a3_cooperative_v1_epoch150/in_vitro.json
